{
  "hash": "27bd6f8f",
  "configHash": "9ea639f3",
  "lockfileHash": "5d893510",
  "browserHash": "dcffd315",
  "optimized": {
    "@angular/core": {
      "src": "../../../../../node_modules/@angular/core/fesm2022/core.mjs",
      "file": "@angular_core.js",
      "fileHash": "95cc9593",
      "needsInterop": false
    },
    "@angular/platform-browser": {
      "src": "../../../../../node_modules/@angular/platform-browser/fesm2022/platform-browser.mjs",
      "file": "@angular_platform-browser.js",
      "fileHash": "211c2405",
      "needsInterop": false
    },
    "@angular/router": {
      "src": "../../../../../node_modules/@angular/router/fesm2022/router.mjs",
      "file": "@angular_router.js",
      "fileHash": "75909c65",
      "needsInterop": false
    }
  },
  "chunks": {
    "chunk-TZSXU57R": {
      "file": "chunk-TZSXU57R.js"
    },
    "chunk-QGN3FAP6": {
      "file": "chunk-QGN3FAP6.js"
    }
  }
}